loan_id,document_type,document_status,received_date
LN-000304,NoteAgreement,Complete,2026-04-21
LN-000905,NoteAgreement,Complete,2026-08-02
LN-000483,AppraisalReport,Pending,2026-03-20
LN-000214,NoteAgreement,Complete,2025-09-19
LN-001051,NoteAgreement,Missing,2025-10-30
LN-000811,TitleDeed,Missing,2026-04-16
LN-001155,NoteAgreement,Complete,2026-02-24
LN-000431,NoteAgreement,Complete,2026-07-14
LN-000078,NoteAgreement,Complete,2026-03-03
LN-000282,NoteAgreement,Complete,2026-01-23
LN-001166,AppraisalReport,Complete,2025-09-17
LN-000182,NoteAgreement,Complete,2026-01-25
LN-000683,IncomeProof,Complete,2026-03-02
LN-801212,IncomeProof,Complete,2026-05-24
LN-000760,AppraisalReport,Pending,2025-08-08
LN-000628,NoteAgreement,Complete,2026-08-20
LN-000339,IncomeProof,Complete,2026-03-30
LN-000469,NoteAgreement,Complete,2025-08-24
LN-001195,IncomeProof,Complete,2025-11-28
LN-000362,IncomeProof,Complete,2026-01-15
LN-000619,IncomeProof,Complete,2025-12-05
LN-000186,TitleDeed,Complete,2026-07-23
LN-000775,NoteAgreement,Complete,2025-10-23
LN-000769,IncomeProof,Missing,2026-01-12
LN-000142,AppraisalReport,Complete,2026-05-07
LN-001136,IncomeProof,Complete,2026-06-08
LN-000716,TitleDeed,Pending,2026-01-04
LN-000525,NoteAgreement,Complete,2025-12-31
LN-001110,AppraisalReport,Complete,2026-06-14
LN-000511,IncomeProof,Pending,2026-01-26
LN-000892,IncomeProof,Complete,2026-02-07
LN-000802,AppraisalReport,Pending,2026-08-10
LN-000050,NoteAgreement,Complete,2026-03-24
LN-000961,IncomeProof,Pending,2026-06-26
LN-000429,NoteAgreement,Pending,2026-02-09
LN-001192,AppraisalReport,Complete,2026-05-21
LN-000602,AppraisalReport,Complete,2026-06-30
LN-000793,NoteAgreement,Pending,2025-09-29
LN-000971,AppraisalReport,Missing,2026-01-24
LN-000526,NoteAgreement,Complete,2025-09-11
LN-001181,NoteAgreement,Complete,2025-12-16
LN-000365,TitleDeed,Complete,2026-08-18
LN-000253,TitleDeed,Complete,2026-05-15
LN-000713,NoteAgreement,Complete,2026-06-20
LN-000736,TitleDeed,Complete,2026-06-11
LN-001125,TitleDeed,Complete,2026-05-21
LN-000585,TitleDeed,Complete,2026-03-29
LN-000169,IncomeProof,Complete,2025-12-23
LN-001005,TitleDeed,Complete,2025-11-25
LN-000553,IncomeProof,Complete,2026-08-05
LN-000237,NoteAgreement,Complete,2026-08-02
LN-000875,IncomeProof,Complete,2026-01-02
LN-000131,NoteAgreement,Complete,2026-04-27
LN-000911,NoteAgreement,Complete,2025-08-26
LN-000007,TitleDeed,Complete,2026-02-25
LN-000695,IncomeProof,Complete,2026-05-14
LN-000027,AppraisalReport,Complete,2026-06-08
LN-000334,TitleDeed,Complete,2026-08-18
LN-000343,AppraisalReport,Pending,2026-03-26
LN-000158,IncomeProof,Complete,2025-12-14
LN-001060,NoteAgreement,Complete,2025-10-19
LN-000193,TitleDeed,Pending,2026-08-07
LN-000834,NoteAgreement,Complete,2026-07-15
LN-001140,IncomeProof,Complete,2026-06-30
LN-000148,IncomeProof,Complete,2026-04-19
LN-000592,IncomeProof,Complete,2025-07-29
LN-000203,NoteAgreement,Complete,2025-09-20
LN-000471,AppraisalReport,Complete,2025-11-10
LN-001177,AppraisalReport,Complete,2026-03-27
LN-000565,TitleDeed,Complete,2025-11-13
LN-000989,NoteAgreement,Complete,2025-09-27
LN-000797,TitleDeed,Complete,2026-08-10
LN-000120,IncomeProof,Complete,2025-12-10
LN-000527,NoteAgreement,Missing,2025-09-11
LN-000421,AppraisalReport,Missing,2025-11-09
LN-001164,NoteAgreement,Complete,2025-09-14
LN-000927,TitleDeed,Complete,2025-09-17
LN-000594,AppraisalReport,Complete,2026-04-15
LN-000053,TitleDeed,Missing,2025-08-18
LN-000266,NoteAgreement,Complete,2026-03-11
LN-000259,IncomeProof,Pending,2026-02-26
LN-001107,IncomeProof,Pending,2025-10-22
LN-000835,NoteAgreement,Complete,2025-11-16
LN-000596,TitleDeed,Pending,2025-10-31
LN-000499,NoteAgreement,Pending,2026-01-19
LN-000417,AppraisalReport,Complete,2025-11-04
LN-000059,IncomeProof,Complete,2026-02-19
LN-000313,AppraisalReport,Pending,2026-08-14
LN-001161,NoteAgreement,Complete,2026-02-04
LN-000718,AppraisalReport,Complete,2026-04-20
LN-000061,IncomeProof,Complete,2026-02-12
LN-001175,NoteAgreement,Complete,2026-07-10
LN-000387,TitleDeed,Complete,2026-01-06
LN-000240,TitleDeed,Complete,2026-01-19
LN-000390,NoteAgreement,Complete,2026-03-21
LN-000857,NoteAgreement,Complete,2026-06-11
LN-000778,NoteAgreement,Complete,2025-12-02
LN-000932,AppraisalReport,Complete,2025-08-16
LN-000947,TitleDeed,Complete,2025-09-28
LN-000255,AppraisalReport,Complete,2026-03-23
LN-000779,AppraisalReport,Complete,2025-12-09
LN-000856,TitleDeed,Pending,2026-03-09
LN-000853,NoteAgreement,Pending,2025-11-22
LN-000897,TitleDeed,Complete,2026-04-20
LN-000160,IncomeProof,Complete,2026-05-24
LN-000004,NoteAgreement,Complete,2025-07-25
LN-000288,NoteAgreement,Complete,2026-01-01
LN-000646,IncomeProof,Complete,2026-06-26
LN-000813,IncomeProof,Complete,2026-04-17
LN-000497,AppraisalReport,Missing,2025-10-18
LN-000574,IncomeProof,Complete,2026-03-13
LN-000360,NoteAgreement,Complete,2026-02-06
LN-000066,AppraisalReport,Complete,2025-11-06
LN-000278,NoteAgreement,Pending,2026-05-30
LN-000265,IncomeProof,Complete,2026-01-02
LN-000276,TitleDeed,Complete,2026-04-30
LN-000455,IncomeProof,Complete,2025-09-10
LN-000555,IncomeProof,Complete,2026-05-21
LN-000082,NoteAgreement,Missing,2026-03-10
LN-000149,TitleDeed,Complete,2025-11-26
LN-000432,NoteAgreement,Complete,2026-03-31
LN-000902,TitleDeed,Complete,2025-10-16
LN-000873,TitleDeed,Complete,2025-09-02
LN-000457,NoteAgreement,Complete,2026-01-07
LN-000868,AppraisalReport,Complete,2026-03-23
LN-001007,TitleDeed,Missing,2026-06-15
LN-000739,NoteAgreement,Complete,2026-01-25
LN-000034,TitleDeed,Complete,2026-06-21
LN-001151,TitleDeed,Complete,2025-10-23
LN-000978,AppraisalReport,Complete,2026-02-07
LN-001115,AppraisalReport,Complete,2026-08-19
LN-001148,TitleDeed,Complete,2026-02-21
LN-000675,TitleDeed,Pending,2026-06-20
LN-000309,TitleDeed,Pending,2025-12-08
LN-001197,IncomeProof,Complete,2026-08-18
LN-000570,NoteAgreement,Complete,2026-01-19
LN-000832,NoteAgreement,Complete,2026-06-28
LN-000249,TitleDeed,Complete,2026-05-05
LN-000566,TitleDeed,Complete,2025-12-14
LN-000606,NoteAgreement,Complete,2025-10-16
LN-000056,NoteAgreement,Complete,2025-09-25
LN-000340,IncomeProof,Complete,2026-01-13
LN-000437,TitleDeed,Complete,2026-05-19
LN-000507,AppraisalReport,Pending,2025-08-20
LN-000723,IncomeProof,Complete,2025-08-28
LN-000129,IncomeProof,Complete,2026-02-21
LN-000943,IncomeProof,Missing,2026-08-20
LN-000627,TitleDeed,Complete,2026-04-27
LN-000815,IncomeProof,Complete,2025-08-14
LN-000744,TitleDeed,Pending,2026-06-13
LN-000895,NoteAgreement,Complete,2026-02-05
LN-000634,AppraisalReport,Complete,2025-12-26
LN-000289,NoteAgreement,Pending,2026-03-29
LN-000777,IncomeProof,Complete,2026-01-08
LN-000108,TitleDeed,Complete,2026-01-06
LN-000226,NoteAgreement,Complete,2025-10-11
LN-000791,IncomeProof,Complete,2026-05-13
LN-000509,NoteAgreement,Complete,2026-07-11
LN-001010,AppraisalReport,Complete,2026-01-14
LN-001098,AppraisalReport,Missing,2026-02-28
LN-000783,TitleDeed,Complete,2025-09-18
LN-000451,AppraisalReport,Complete,2026-07-18
LN-000137,TitleDeed,Complete,2025-11-11
LN-001168,IncomeProof,Complete,2025-12-20
LN-000787,AppraisalReport,Complete,2025-09-16
LN-000690,NoteAgreement,Complete,2026-06-03
LN-000735,NoteAgreement,Complete,2025-09-10
LN-000327,AppraisalReport,Complete,2025-10-05
LN-000378,AppraisalReport,Complete,2026-08-09
LN-001003,AppraisalReport,Complete,2025-10-02
LN-000904,IncomeProof,Complete,2026-04-18
LN-001190,TitleDeed,Complete,2025-09-05
LN-000543,IncomeProof,Complete,2025-10-26
LN-000190,TitleDeed,Complete,2026-02-09
LN-000616,IncomeProof,Pending,2025-09-24
LN-000093,AppraisalReport,Complete,2026-05-01
LN-000054,NoteAgreement,Pending,2026-07-10
LN-000448,TitleDeed,Complete,2025-10-15
LN-000667,NoteAgreement,Complete,2026-08-01
LN-000006,TitleDeed,Complete,2026-01-01
LN-001004,TitleDeed,Pending,2025-11-03
LN-000184,TitleDeed,Pending,2026-04-19
LN-000766,NoteAgreement,Complete,2026-05-07
LN-000826,AppraisalReport,Complete,2026-02-26
LN-000346,AppraisalReport,Complete,2026-02-08
LN-000355,TitleDeed,Complete,2025-12-19
LN-001100,IncomeProof,Pending,2026-06-30
LN-000752,TitleDeed,Complete,2025-09-06
LN-000745,IncomeProof,Complete,2025-11-03
LN-001053,IncomeProof,Complete,2026-05-06
LN-901203,TitleDeed,Pending,2026-07-31
LN-001117,IncomeProof,Complete,2025-09-14
LN-000966,AppraisalReport,Pending,2026-02-22
LN-000806,AppraisalReport,Complete,2026-02-01
LN-000999,AppraisalReport,Complete,2026-01-06
LN-000280,TitleDeed,Pending,2026-02-14
LN-000804,TitleDeed,Complete,2025-12-15
LN-000298,IncomeProof,Complete,2026-03-13
LN-000953,TitleDeed,Missing,2026-04-16
LN-000705,IncomeProof,Complete,2025-09-11
LN-000264,AppraisalReport,Complete,2025-10-11
LN-001090,AppraisalReport,Complete,2026-04-10
LN-000567,IncomeProof,Complete,2025-10-24
LN-000413,TitleDeed,Complete,2026-04-01
LN-001103,IncomeProof,Pending,2025-08-24
LN-000145,NoteAgreement,Complete,2026-08-10
LN-000185,TitleDeed,Complete,2026-03-13
LN-000551,AppraisalReport,Complete,2025-10-29
LN-000938,AppraisalReport,Complete,2026-03-07
LN-001163,IncomeProof,Complete,2026-06-26
LN-000236,NoteAgreement,Complete,2026-01-18
LN-000591,AppraisalReport,Pending,2026-01-20
LN-000001,TitleDeed,Complete,2025-10-20
LN-000310,IncomeProof,Missing,2025-08-27
LN-000485,AppraisalReport,Complete,2025-10-26
LN-001112,IncomeProof,Pending,2025-09-05
LN-001074,TitleDeed,Pending,2026-07-15
LN-000986,NoteAgreement,Complete,2026-03-20
LN-000241,IncomeProof,Complete,2026-08-19
LN-000068,TitleDeed,Complete,2026-03-25
LN-000261,AppraisalReport,Pending,2025-11-13
LN-001012,NoteAgreement,Missing,2026-03-28
LN-000373,AppraisalReport,Pending,2025-08-16
LN-000285,TitleDeed,Complete,2026-02-11
LN-000391,IncomeProof,Complete,2025-08-29
LN-000754,AppraisalReport,Complete,2026-08-09
LN-000762,TitleDeed,Complete,2026-07-05
LN-001123,TitleDeed,Complete,2026-04-19
LN-000086,TitleDeed,Complete,2025-08-31
LN-000386,IncomeProof,Complete,2026-03-12
LN-000709,AppraisalReport,Complete,2025-12-15
LN-000498,AppraisalReport,Complete,2026-08-15
LN-000302,AppraisalReport,Complete,2025-10-03
LN-000599,TitleDeed,Complete,2025-11-28
LN-000855,NoteAgreement,Complete,2026-06-25
LN-001146,TitleDeed,Complete,2026-06-05
LN-000153,NoteAgreement,Complete,2025-08-18
LN-000370,IncomeProof,Complete,2025-12-07
LN-000096,TitleDeed,Pending,2026-02-04
LN-000118,TitleDeed,Pending,2026-05-09
LN-000269,TitleDeed,Missing,2026-01-17
LN-000719,AppraisalReport,Pending,2026-08-10
LN-001017,TitleDeed,Missing,2025-09-02
LN-000607,AppraisalReport,Complete,2025-12-09
LN-000473,NoteAgreement,Complete,2025-08-29
LN-001038,NoteAgreement,Complete,2026-03-03
LN-000534,IncomeProof,Complete,2025-10-15
LN-000482,AppraisalReport,Pending,2025-10-19
LN-000608,IncomeProof,Complete,2026-01-19
LN-000849,NoteAgreement,Complete,2026-06-24
LN-000328,TitleDeed,Pending,2026-04-10
LN-000219,NoteAgreement,Complete,2025-11-06
LN-001024,IncomeProof,Missing,2026-07-27
LN-000138,NoteAgreement,Pending,2026-07-13
LN-000901,IncomeProof,Complete,2026-03-25
LN-000710,AppraisalReport,Complete,2026-02-26
LN-000009,NoteAgreement,Pending,2025-11-18
LN-000299,TitleDeed,Pending,2025-11-26
LN-000015,NoteAgreement,Complete,2026-03-28
LN-001176,NoteAgreement,Complete,2026-07-21
LN-000333,IncomeProof,Complete,2026-04-20
LN-000295,AppraisalReport,Complete,2026-02-05
LN-000252,IncomeProof,Pending,2026-07-14
LN-000456,IncomeProof,Complete,2026-05-16
LN-000512,NoteAgreement,Complete,2026-04-03
LN-000671,TitleDeed,Complete,2025-12-20
LN-000450,IncomeProof,Complete,2026-02-22
LN-000440,TitleDeed,Complete,2026-07-31
LN-000098,NoteAgreement,Complete,2026-06-30
LN-000531,IncomeProof,Pending,2026-02-07
LN-000199,NoteAgreement,Complete,2025-12-15
LN-001034,AppraisalReport,Pending,2025-11-13
LN-000721,NoteAgreement,Complete,2025-10-14
LN-000546,AppraisalReport,Complete,2025-09-19
LN-000829,TitleDeed,Complete,2025-12-17
LN-000980,AppraisalReport,Complete,2026-07-05
LN-000519,AppraisalReport,Complete,2026-01-16
LN-001134,AppraisalReport,Missing,2026-06-25
LN-000062,AppraisalReport,Complete,2026-02-05
LN-000103,TitleDeed,Complete,2025-09-16
LN-000746,AppraisalReport,Complete,2026-07-19
LN-000968,NoteAgreement,Complete,2025-08-18
LN-001001,NoteAgreement,Complete,2026-03-04
LN-000496,TitleDeed,Missing,2026-02-11
LN-000946,IncomeProof,Complete,2025-09-26
LN-000088,IncomeProof,Complete,2026-01-17
LN-000323,TitleDeed,Complete,2025-11-15
LN-000212,IncomeProof,Complete,2026-04-21
LN-000601,TitleDeed,Missing,2026-03-30
LN-000087,AppraisalReport,Complete,2025-09-18
LN-000336,AppraisalReport,Complete,2025-08-28
LN-000095,NoteAgreement,Complete,2026-07-18
LN-000067,IncomeProof,Complete,2026-01-16
LN-001132,AppraisalReport,Complete,2025-10-16
LN-001000,NoteAgreement,Pending,2026-05-10
LN-001033,IncomeProof,Complete,2026-05-09
LN-001006,AppraisalReport,Complete,2026-05-22
LN-000552,AppraisalReport,Complete,2026-01-13
LN-000427,TitleDeed,Complete,2026-04-13
LN-000175,IncomeProof,Complete,2025-08-08
LN-000651,TitleDeed,Complete,2026-03-11
LN-000107,TitleDeed,,2025-11-29
LN-000825,IncomeProof,Complete,2026-01-15
LN-000016,TitleDeed,Complete,2026-08-19
LN-000502,AppraisalReport,Pending,2026-05-16
LN-000823,NoteAgreement,Missing,2025-11-20
LN-001073,AppraisalReport,Pending,2026-06-18
LN-000080,NoteAgreement,Pending,2025-09-28
LN-001009,TitleDeed,Complete,2025-11-10
LN-000472,TitleDeed,Pending,2025-12-17
LN-000100,AppraisalReport,Pending,2025-12-31
LN-000047,NoteAgreement,Pending,2026-06-21
LN-001152,IncomeProof,Pending,2026-06-11
LN-000692,AppraisalReport,Complete,2025-09-21
LN-000420,AppraisalReport,Complete,2026-05-12
LN-000908,NoteAgreement,Complete,2026-08-17
LN-000542,NoteAgreement,Complete,2026-06-08
LN-000331,TitleDeed,Complete,2025-08-20
LN-000438,TitleDeed,Pending,2026-05-14
LN-000311,IncomeProof,Complete,2025-12-14
LN-000132,NoteAgreement,Complete,2026-02-24
LN-000342,AppraisalReport,Complete,2025-09-01
LN-000785,AppraisalReport,Complete,2026-07-04
LN-000470,AppraisalReport,Pending,2026-06-21
LN-000865,AppraisalReport,Complete,2026-06-27
LN-000055,AppraisalReport,Complete,2026-02-23
LN-001138,AppraisalReport,Pending,2025-07-23
LN-000662,IncomeProof,Complete,2026-08-01
LN-000900,AppraisalReport,Complete,2025-11-26
LN-000672,TitleDeed,Pending,2026-03-27
LN-000863,NoteAgreement,Pending,2026-08-13
LN-000003,IncomeProof,Complete,2026-06-05
LN-000147,IncomeProof,Complete,2026-06-12
LN-000443,AppraisalReport,Missing,2025-09-06
LN-000847,TitleDeed,Complete,2025-12-30
LN-000597,TitleDeed,Complete,2026-06-17
LN-000677,NoteAgreement,Pending,2025-07-28
LN-000974,NoteAgreement,Complete,2025-12-30
LN-001170,IncomeProof,Complete,2025-12-20
LN-001150,AppraisalReport,Complete,2026-07-27
LN-001062,IncomeProof,Pending,2025-12-12
LN-000074,NoteAgreement,Pending,2026-07-10
LN-000385,IncomeProof,Pending,2026-08-02
LN-000272,NoteAgreement,Complete,2026-07-30
LN-001029,TitleDeed,Complete,2026-01-19
LN-000729,NoteAgreement,Complete,2026-06-14
LN-001028,TitleDeed,Complete,2025-09-13
LN-000201,AppraisalReport,Complete,2026-03-02
LN-000013,TitleDeed,Complete,2026-05-01
LN-000418,TitleDeed,Complete,2026-02-19
LN-000035,NoteAgreement,Complete,2025-10-18
LN-000883,IncomeProof,Complete,2025-11-02
LN-001037,NoteAgreement,Complete,2026-04-14
LN-000200,AppraisalReport,Complete,2025-10-01
LN-001071,IncomeProof,Complete,2025-09-08
LN-001111,TitleDeed,Pending,2026-08-10
LN-001081,NoteAgreement,Pending,2025-12-11
LN-000447,AppraisalReport,Complete,2026-01-17
LN-000347,TitleDeed,Complete,2026-03-16
LN-001032,IncomeProof,Complete,2026-04-08
LN-001169,TitleDeed,Pending,2025-08-18
LN-000850,TitleDeed,Complete,2026-03-26
LN-000982,NoteAgreement,Complete,2025-09-03
LN-000020,TitleDeed,Pending,2026-08-11
LN-000697,NoteAgreement,Complete,2026-07-08
LN-000338,AppraisalReport,Complete,2026-08-13
LN-001188,NoteAgreement,Complete,2025-11-08
LN-000173,IncomeProof,Pending,2026-05-07
LN-001013,AppraisalReport,Pending,2026-06-24
LN-000764,TitleDeed,Complete,2025-08-13
LN-000940,TitleDeed,Complete,2026-04-23
LN-000099,AppraisalReport,Complete,2025-09-20
LN-000951,AppraisalReport,Pending,2025-10-19
LN-001104,TitleDeed,Complete,2026-08-15
LN-001153,NoteAgreement,Complete,2026-07-23
LN-000028,NoteAgreement,Complete,2025-11-25
LN-000859,TitleDeed,Pending,2026-07-19
LN-000423,AppraisalReport,,2025-11-28
LN-000925,NoteAgreement,Complete,2026-03-16
LN-000038,NoteAgreement,Pending,2026-05-25
LN-000106,TitleDeed,Complete,2026-03-03
LN-000326,IncomeProof,Complete,2026-07-19
LN-801210,TitleDeed,Complete,2025-10-06
LN-001052,TitleDeed,Complete,2026-07-27
LN-000891,TitleDeed,Pending,2025-10-01
LN-000983,AppraisalReport,Complete,2026-07-07
LN-001018,AppraisalReport,Complete,2026-02-01
LN-000584,NoteAgreement,Complete,2025-12-02
LN-000146,NoteAgreement,Pending,2026-06-11
LN-000845,TitleDeed,,2025-09-10
LN-000838,NoteAgreement,Complete,2026-02-24
LN-000416,IncomeProof,Pending,2025-12-30
LN-000439,IncomeProof,Pending,2025-07-24
LN-000258,NoteAgreement,Complete,2026-02-25
LN-000211,TitleDeed,Pending,2026-07-15
LN-000763,NoteAgreement,Missing,2026-08-03
LN-000536,TitleDeed,Missing,2025-09-10
LN-001137,TitleDeed,Pending,2026-08-17
LN-000888,AppraisalReport,Pending,2025-12-10
LN-000139,AppraisalReport,Pending,2025-10-09
LN-000140,TitleDeed,Complete,2026-07-04
LN-000287,NoteAgreement,Complete,2025-08-04
LN-000039,AppraisalReport,Complete,2025-10-15
LN-000033,AppraisalReport,Complete,2025-08-11
LN-000824,NoteAgreement,Pending,2025-07-30
LN-000239,AppraisalReport,Complete,2025-12-16
LN-001072,NoteAgreement,Complete,2025-12-04
LN-000134,AppraisalReport,Complete,2026-06-18
LN-000189,TitleDeed,Complete,2026-01-24
LN-000685,AppraisalReport,Pending,2025-11-16
LN-000181,IncomeProof,Complete,2026-08-09
LN-000049,AppraisalReport,Complete,2025-09-28
LN-000866,AppraisalReport,Complete,2026-05-25
LN-001118,TitleDeed,Complete,2026-01-16
LN-000144,AppraisalReport,Complete,2025-12-01
LN-001079,NoteAgreement,Pending,2025-11-03
LN-000029,TitleDeed,Complete,2026-01-04
LN-000818,NoteAgreement,Complete,2026-01-31
LN-000684,IncomeProof,Missing,2026-05-27
LN-000903,NoteAgreement,Complete,2025-12-27
LN-000633,TitleDeed,Complete,2026-03-12
LN-000781,NoteAgreement,Complete,2026-06-13
LN-000048,AppraisalReport,Complete,2025-12-19
LN-001027,AppraisalReport,Complete,2026-03-09
LN-000117,AppraisalReport,Missing,2026-02-08
LN-000782,TitleDeed,Complete,2025-11-09
LN-000213,NoteAgreement,Complete,2026-03-12
LN-000906,NoteAgreement,Complete,2025-08-23
LN-001159,IncomeProof,Missing,2026-06-19
LN-000318,NoteAgreement,Pending,2026-02-04
LN-000215,TitleDeed,Complete,2025-11-02
LN-000230,TitleDeed,Complete,2025-10-23
LN-001135,IncomeProof,Missing,2026-01-31
LN-000104,NoteAgreement,Complete,2025-11-21
LN-000198,NoteAgreement,Complete,2025-09-24
LN-000235,IncomeProof,Complete,2025-11-25
LN-000881,NoteAgreement,Complete,2025-09-22
LN-000179,NoteAgreement,Complete,2026-08-19
LN-000376,TitleDeed,,2026-04-09
LN-001191,TitleDeed,Complete,2025-11-27
LN-000962,AppraisalReport,Missing,2026-02-24
LN-000985,NoteAgreement,Complete,2025-10-05
LN-001149,NoteAgreement,Complete,2026-06-10
LN-000220,NoteAgreement,Complete,2026-06-19
LN-000163,TitleDeed,Complete,2026-02-28
LN-000924,NoteAgreement,Complete,2025-09-26
LN-000756,NoteAgreement,Complete,2025-12-12
LN-000617,NoteAgreement,Complete,2026-01-28
LN-000263,IncomeProof,Complete,2026-06-06
LN-000874,TitleDeed,Missing,2026-04-27
LN-000426,AppraisalReport,Pending,2025-10-16
LN-000701,NoteAgreement,Complete,2025-10-01
LN-000293,AppraisalReport,Complete,2026-05-27
LN-000345,NoteAgreement,Pending,2025-12-09
LN-000130,NoteAgreement,Complete,2026-06-13
LN-000222,TitleDeed,Pending,2026-02-05
LN-000314,AppraisalReport,Complete,2026-06-11
LN-000191,AppraisalReport,Complete,2026-02-16
LN-000517,IncomeProof,Complete,2026-08-09
LN-000414,IncomeProof,Complete,2025-12-11
LN-000308,NoteAgreement,Pending,2025-09-27
LN-000748,IncomeProof,Pending,2026-02-02
LN-000629,IncomeProof,Missing,2026-01-25
LN-000458,AppraisalReport,Complete,2026-04-13
LN-001124,AppraisalReport,Complete,2025-11-17
LN-001031,TitleDeed,Pending,2026-02-17
LN-000178,IncomeProof,Complete,2026-02-12
LN-000273,IncomeProof,Complete,2025-08-16
LN-000949,AppraisalReport,Complete,2025-09-20
LN-000529,AppraisalReport,Complete,2026-02-21
LN-000445,TitleDeed,Pending,2025-09-14
LN-000444,IncomeProof,Complete,2025-12-05
LN-000774,IncomeProof,Complete,2025-11-07
LN-000277,TitleDeed,Complete,2025-09-17
LN-000771,IncomeProof,Missing,2025-09-20
LN-000854,AppraisalReport,Complete,2025-10-03
LN-000740,AppraisalReport,Complete,2025-12-11
LN-000369,AppraisalReport,Complete,2026-03-21
LN-000256,TitleDeed,Complete,2026-06-04
LN-000452,AppraisalReport,Complete,2025-12-22
LN-001194,AppraisalReport,Complete,2026-08-19
LN-000656,IncomeProof,Pending,2026-04-19
LN-000691,AppraisalReport,Complete,2025-07-23
LN-000489,TitleDeed,Pending,2025-09-19
LN-000645,IncomeProof,Pending,2026-03-21
LN-000251,AppraisalReport,Complete,2025-10-20
LN-000286,NoteAgreement,Complete,2026-02-20
LN-000682,IncomeProof,Complete,2026-03-11
LN-001016,IncomeProof,Pending,2025-08-17
LN-000568,TitleDeed,Complete,2025-11-22
LN-000657,AppraisalReport,Complete,2026-05-29
LN-000724,NoteAgreement,Complete,2026-07-26
LN-000987,IncomeProof,Complete,2026-05-25
LN-801207,TitleDeed,Pending,2025-11-04
LN-000641,AppraisalReport,Complete,2026-01-05
LN-000488,AppraisalReport,Complete,2026-06-10
LN-000803,IncomeProof,Pending,2026-04-05
LN-000368,IncomeProof,Complete,2025-09-14
LN-000419,NoteAgreement,Complete,2026-04-20
LN-000917,NoteAgreement,Complete,2026-07-20
LN-001026,IncomeProof,Complete,2025-11-08
LN-000715,NoteAgreement,Missing,2026-02-21
LN-000396,NoteAgreement,,2025-09-09
LN-001075,NoteAgreement,Complete,2026-03-21
LN-000383,NoteAgreement,Missing,2025-09-19
LN-000344,NoteAgreement,Complete,2026-03-15
LN-000581,TitleDeed,Complete,2026-07-19
LN-000990,AppraisalReport,Complete,2025-10-20
LN-001096,TitleDeed,Complete,2026-04-29
LN-000504,IncomeProof,Pending,2026-05-17
LN-000403,NoteAgreement,Complete,2026-06-25
LN-000162,IncomeProof,Complete,2025-10-31
LN-000382,TitleDeed,Complete,2026-01-28
LN-001113,AppraisalReport,Complete,2026-04-08
LN-000659,AppraisalReport,Complete,2025-09-10
LN-000528,TitleDeed,Complete,2025-09-14
LN-000063,NoteAgreement,Complete,2025-11-26
LN-000639,TitleDeed,Complete,2025-11-24
LN-801211,IncomeProof,Complete,2026-02-24
LN-000689,NoteAgreement,Complete,2026-04-11
LN-000997,AppraisalReport,Complete,2026-08-01
LN-001057,NoteAgreement,Pending,2025-10-26
LN-000275,TitleDeed,,2026-03-09
LN-000725,AppraisalReport,Complete,2025-09-15
LN-000696,IncomeProof,Pending,2026-02-26
LN-000225,IncomeProof,Pending,2025-07-31
LN-001063,AppraisalReport,Complete,2025-08-29
LN-000988,AppraisalReport,Complete,2026-06-13
LN-000600,NoteAgreement,Complete,2026-01-21
LN-000704,TitleDeed,Complete,2026-01-07
LN-000164,NoteAgreement,Complete,2026-06-11
LN-000840,IncomeProof,Pending,2025-12-21
LN-001088,AppraisalReport,Complete,2025-08-18
LN-001015,TitleDeed,Complete,2025-07-28
LN-000408,NoteAgreement,Complete,2026-05-25
LN-000449,NoteAgreement,Pending,2025-12-01
LN-000329,NoteAgreement,Complete,2025-12-03
LN-001119,AppraisalReport,Missing,2026-02-02
LN-000350,NoteAgreement,Complete,2026-01-16
LN-001020,NoteAgreement,Complete,2025-10-17
LN-000579,TitleDeed,Pending,2026-08-11
LN-000976,TitleDeed,Pending,2025-10-09
LN-000422,NoteAgreement,Complete,2026-01-10
LN-001160,NoteAgreement,Complete,2026-03-15
LN-000654,IncomeProof,Complete,2025-08-17
LN-000595,TitleDeed,Complete,2026-06-18
LN-000569,AppraisalReport,Pending,2026-01-08
LN-000351,NoteAgreement,Complete,2026-05-25
LN-000681,TitleDeed,Missing,2026-03-31
LN-000869,NoteAgreement,Pending,2026-03-17
LN-000836,NoteAgreement,Complete,2025-09-19
LN-000208,TitleDeed,Complete,2026-07-23
LN-000401,TitleDeed,Complete,2026-01-28
LN-000510,NoteAgreement,Complete,2025-09-08
LN-000611,TitleDeed,Complete,2025-08-17
LN-000155,TitleDeed,Complete,2026-04-13
LN-000307,IncomeProof,Complete,2025-07-25
LN-000828,AppraisalReport,Complete,2025-12-26
LN-000669,NoteAgreement,Complete,2026-06-26
LN-000491,IncomeProof,Complete,2025-10-23
LN-000084,IncomeProof,Complete,2025-10-04
LN-000161,NoteAgreement,Complete,2025-11-28
LN-000965,TitleDeed,Pending,2025-09-24
LN-000433,AppraisalReport,Complete,2025-10-11
LN-000202,NoteAgreement,Complete,2026-08-02
LN-001143,TitleDeed,Complete,2025-09-15
LN-000231,AppraisalReport,Missing,2025-12-17
LN-000335,NoteAgreement,Complete,2026-03-10
LN-000674,TitleDeed,Complete,2025-09-06
LN-000218,AppraisalReport,Complete,2025-10-16
LN-000296,IncomeProof,Complete,2026-07-20
LN-000425,TitleDeed,Pending,2026-05-31
LN-000880,AppraisalReport,Complete,2026-06-10
LN-001070,NoteAgreement,Complete,2025-08-06
LN-000750,AppraisalReport,Complete,2026-04-26
LN-000737,TitleDeed,Pending,2026-06-02
LN-001157,TitleDeed,Complete,2026-01-30
LN-001129,NoteAgreement,Complete,2026-03-10
LN-001156,AppraisalReport,Complete,2026-01-11
LN-000910,NoteAgreement,Pending,2025-07-22
LN-001039,TitleDeed,Complete,2025-11-05
LN-000407,AppraisalReport,Complete,2025-12-15
LN-000556,IncomeProof,Complete,2026-02-25
LN-000151,NoteAgreement,Pending,2026-02-11
LN-000306,NoteAgreement,Pending,2026-04-13
LN-000821,NoteAgreement,Complete,2026-08-16
LN-000486,TitleDeed,Pending,2026-08-18
LN-000609,AppraisalReport,Complete,2025-08-06
LN-000244,TitleDeed,Pending,2025-11-08
LN-000564,NoteAgreement,Complete,2026-05-04
LN-000954,IncomeProof,Complete,2025-09-29
LN-000430,NoteAgreement,Complete,2026-05-26
LN-000837,AppraisalReport,Complete,2026-01-02
LN-000366,NoteAgreement,Pending,2026-04-22
LN-000714,NoteAgreement,Complete,2026-04-04
LN-000788,TitleDeed,Complete,2026-04-04
LN-000981,AppraisalReport,Complete,2025-09-08
LN-001064,NoteAgreement,Complete,2025-11-20
LN-000673,TitleDeed,Complete,2026-04-21
LN-000532,NoteAgreement,Pending,2026-07-30
LN-000643,TitleDeed,Complete,2025-11-13
LN-000477,AppraisalReport,Complete,2026-05-25
LN-000091,IncomeProof,Complete,2026-07-01
LN-000030,IncomeProof,Complete,2026-02-10
LN-000870,IncomeProof,Complete,2026-06-01
LN-000024,NoteAgreement,Complete,2026-04-23
LN-000514,TitleDeed,Complete,2026-02-17
LN-000668,TitleDeed,Pending,2026-08-05
LN-000490,TitleDeed,Pending,2025-09-05
LN-000801,AppraisalReport,Complete,2025-11-27
LN-000392,AppraisalReport,Complete,2026-04-30
LN-001122,NoteAgreement,Complete,2026-04-22
LN-000487,NoteAgreement,Complete,2025-09-23
LN-000171,AppraisalReport,Missing,2026-04-18
LN-000005,NoteAgreement,Complete,2025-12-26
LN-001055,IncomeProof,Complete,2025-09-24
LN-000283,AppraisalReport,Complete,2026-05-19
LN-000554,NoteAgreement,Complete,2026-02-21
LN-000890,IncomeProof,Complete,2025-08-29
LN-001082,NoteAgreement,Complete,2025-12-22
LN-000572,AppraisalReport,Pending,2026-06-24
LN-000819,IncomeProof,Complete,2025-11-07
LN-001102,NoteAgreement,Complete,2025-09-21
LN-000794,IncomeProof,Complete,2026-06-29
LN-000399,AppraisalReport,Complete,2026-08-18
LN-000284,NoteAgreement,Complete,2025-07-26
LN-901202,NoteAgreement,Complete,2025-10-07
LN-000121,IncomeProof,Complete,2026-02-17
LN-000135,IncomeProof,Complete,2026-01-18
LN-000126,TitleDeed,Complete,2025-10-10
LN-001114,IncomeProof,Complete,2026-02-03
LN-000412,TitleDeed,Pending,2026-01-01
LN-000822,NoteAgreement,Complete,2026-04-23
LN-000893,NoteAgreement,Complete,2025-09-03
LN-001121,AppraisalReport,Pending,2025-08-02
LN-000411,AppraisalReport,Complete,2026-04-20
LN-000800,AppraisalReport,Complete,2026-06-28
LN-000640,AppraisalReport,Complete,2025-07-26
LN-000807,AppraisalReport,Pending,2025-11-16
LN-001080,NoteAgreement,Complete,2026-02-12
LN-001165,TitleDeed,Complete,2025-12-30
LN-000655,AppraisalReport,Complete,2025-08-04
LN-000623,NoteAgreement,Complete,2026-05-29
LN-000356,TitleDeed,Complete,2025-09-04
LN-000894,IncomeProof,Complete,2025-09-14
LN-000814,NoteAgreement,Complete,2026-03-20
LN-000196,AppraisalReport,Complete,2026-02-07
LN-000112,AppraisalReport,Complete,2026-05-09
LN-000476,NoteAgreement,Complete,2026-03-23
LN-000143,NoteAgreement,Missing,2026-07-16
LN-000687,AppraisalReport,Pending,2026-07-03
LN-000012,TitleDeed,Complete,2025-10-05
LN-000221,IncomeProof,Complete,2026-05-18
LN-000409,TitleDeed,Complete,2026-06-25
LN-000271,AppraisalReport,Complete,2026-05-07
LN-000522,AppraisalReport,Pending,2026-04-09
LN-001093,IncomeProof,Complete,2026-02-04
LN-000113,AppraisalReport,Complete,2025-10-22
LN-001189,AppraisalReport,Complete,2026-08-10
LN-000428,TitleDeed,Complete,2026-08-20
LN-000706,TitleDeed,Complete,2025-12-15
LN-000977,TitleDeed,Complete,2026-01-28
LN-000559,NoteAgreement,Complete,2025-07-26
LN-000605,TitleDeed,Complete,2025-08-04
LN-000424,NoteAgreement,Missing,2025-09-17
LN-000467,AppraisalReport,Complete,2026-07-23
LN-000928,TitleDeed,Complete,2026-03-31
LN-000758,IncomeProof,Complete,2026-07-27
LN-000613,TitleDeed,Complete,2025-10-29
LN-000224,AppraisalReport,Complete,2026-05-26
LN-000896,TitleDeed,Complete,2026-03-31
LN-001056,TitleDeed,Complete,2026-08-11
LN-000114,NoteAgreement,Complete,2026-01-05
LN-001084,AppraisalReport,Complete,2025-09-22
LN-000686,AppraisalReport,Complete,2026-03-03
LN-000402,IncomeProof,Complete,2025-10-30
LN-000111,IncomeProof,Complete,2025-10-28
LN-000174,NoteAgreement,Complete,2026-03-13
LN-001193,TitleDeed,Complete,2026-06-28
LN-000792,NoteAgreement,Complete,2026-04-01
LN-000784,AppraisalReport,Complete,2026-03-03
LN-000415,IncomeProof,Missing,2025-11-30
LN-000631,NoteAgreement,Complete,2026-08-17
LN-000281,AppraisalReport,Complete,2026-05-05
LN-000858,IncomeProof,Complete,2026-01-25
LN-000647,NoteAgreement,Pending,2026-01-25
LN-000975,NoteAgreement,Complete,2026-05-27
LN-000233,IncomeProof,Complete,2026-02-22
LN-000712,TitleDeed,Complete,2025-08-05
LN-000524,AppraisalReport,Pending,2026-06-30
LN-000518,IncomeProof,Complete,2025-10-14
LN-001094,AppraisalReport,Complete,2025-11-07
LN-000245,NoteAgreement,Complete,2025-11-01
LN-000474,TitleDeed,Pending,2025-11-25
LN-000703,NoteAgreement,Pending,2026-02-02
LN-001116,TitleDeed,Complete,2025-08-29
LN-000688,TitleDeed,Complete,2025-09-26
LN-000993,AppraisalReport,Pending,2026-07-13
LN-000537,AppraisalReport,Complete,2026-02-24
LN-000749,TitleDeed,Complete,2026-06-24
LN-000650,TitleDeed,Complete,2026-01-18
LN-000494,TitleDeed,Pending,2026-07-13
LN-001025,IncomeProof,Complete,2026-04-06
LN-000141,NoteAgreement,Complete,2026-03-16
LN-000700,NoteAgreement,Complete,2026-04-19
LN-000587,TitleDeed,Complete,2025-10-18
LN-000052,IncomeProof,Complete,2026-02-12
LN-901201,IncomeProof,Complete,2025-12-07
LN-000732,AppraisalReport,Complete,2026-04-23
LN-001077,NoteAgreement,Complete,2026-06-04
LN-000291,IncomeProof,Complete,2025-08-11
LN-801209,TitleDeed,Complete,2026-06-08
LN-001086,IncomeProof,Pending,2026-06-28
LN-000357,IncomeProof,Complete,2026-07-17
LN-000136,TitleDeed,Pending,2026-03-09
LN-000046,NoteAgreement,Complete,2025-10-03
LN-000770,IncomeProof,Complete,2025-12-12
LN-000032,TitleDeed,Pending,2026-06-28
LN-000037,TitleDeed,Pending,2025-08-25
LN-000851,NoteAgreement,Complete,2026-06-20
LN-000223,AppraisalReport,Complete,2026-04-24
LN-001185,IncomeProof,Complete,2026-02-19
LN-000557,TitleDeed,Complete,2025-08-16
LN-000939,IncomeProof,Pending,2026-03-12
LN-000586,IncomeProof,Complete,2026-02-03
LN-000934,NoteAgreement,Complete,2025-10-17
LN-001066,AppraisalReport,Complete,2025-10-19
LN-000885,IncomeProof,Complete,2025-10-07
LN-000612,AppraisalReport,Complete,2025-08-30
LN-001109,IncomeProof,Complete,2025-10-29
LN-000937,TitleDeed,Complete,2025-10-03
LN-000206,NoteAgreement,Complete,2025-11-07
LN-000743,TitleDeed,Missing,2025-08-27
LN-000500,AppraisalReport,Complete,2025-09-30
LN-000846,TitleDeed,Pending,2026-03-06
LN-001196,NoteAgreement,Complete,2026-01-19
LN-000367,NoteAgreement,Complete,2026-07-18
LN-000305,TitleDeed,Pending,2025-10-07
LN-001154,AppraisalReport,Complete,2026-01-02
LN-001054,TitleDeed,Complete,2026-06-21
LN-000043,TitleDeed,Complete,2025-08-25
LN-000583,NoteAgreement,Complete,2025-08-25
LN-000860,IncomeProof,Pending,2026-06-15
LN-000025,TitleDeed,Complete,2025-08-10
LN-000816,IncomeProof,Pending,2026-07-04
LN-001108,TitleDeed,Complete,2026-07-21
LN-000899,TitleDeed,Complete,2026-05-19
LN-000083,AppraisalReport,Complete,2026-03-14
LN-901204,NoteAgreement,Complete,2026-07-04
LN-000886,NoteAgreement,Pending,2025-09-23
LN-000274,IncomeProof,Pending,2026-04-06
LN-000290,IncomeProof,Complete,2026-06-03
LN-001036,NoteAgreement,Complete,2026-06-02
LN-000679,TitleDeed,Complete,2025-07-31
LN-000441,IncomeProof,Complete,2026-01-09
LN-000454,NoteAgreement,Complete,2026-06-22
LN-000630,AppraisalReport,Complete,2025-09-19
LN-000207,IncomeProof,Complete,2026-01-20
LN-000479,NoteAgreement,Missing,2025-10-12
LN-000017,IncomeProof,Pending,2026-06-30
LN-000933,IncomeProof,Complete,2026-05-15
LN-001179,NoteAgreement,Complete,2026-05-15
LN-000321,IncomeProof,Complete,2026-03-15
LN-000889,TitleDeed,Pending,2026-03-21
LN-000021,NoteAgreement,Pending,2025-09-05
LN-000127,NoteAgreement,Complete,2025-12-04
LN-000150,TitleDeed,Pending,2026-02-05
LN-000867,NoteAgreement,Pending,2026-08-08
LN-000726,IncomeProof,Complete,2026-02-06
LN-001069,IncomeProof,Complete,2026-05-21
LN-000398,TitleDeed,Complete,2026-08-03
LN-000929,TitleDeed,Complete,2026-04-20
LN-000133,AppraisalReport,Complete,2026-01-12
LN-000915,AppraisalReport,Complete,2025-10-18
LN-000384,TitleDeed,Complete,2025-11-03
LN-001008,TitleDeed,Complete,2025-11-19
LN-000652,IncomeProof,Complete,2026-07-05
LN-000722,TitleDeed,Pending,2025-10-14
LN-000598,TitleDeed,Complete,2026-03-18
LN-000761,TitleDeed,Complete,2026-03-24
LN-000031,AppraisalReport,Complete,2025-09-11
LN-000533,TitleDeed,Complete,2026-04-05
LN-000872,TitleDeed,Complete,2026-03-21
LN-000102,TitleDeed,Complete,2026-04-22
LN-000967,AppraisalReport,Complete,2026-02-13
LN-000638,AppraisalReport,Complete,2026-01-10
LN-000666,IncomeProof,Pending,2025-08-12
LN-001101,AppraisalReport,Complete,2026-02-17
LN-000246,TitleDeed,Pending,2026-03-29
LN-000292,TitleDeed,Complete,2026-02-06
LN-000759,TitleDeed,Missing,2025-11-11
LN-001180,NoteAgreement,Complete,2026-01-03
LN-001067,IncomeProof,Complete,2026-08-10
LN-000480,IncomeProof,Complete,2026-05-30
LN-000501,IncomeProof,Missing,2025-10-14
LN-001068,AppraisalReport,Complete,2025-10-02
LN-000879,TitleDeed,Pending,2025-11-03
LN-000561,AppraisalReport,Complete,2026-03-29
LN-000588,IncomeProof,Complete,2025-10-18
LN-000041,AppraisalReport,Complete,2026-01-26
LN-000166,IncomeProof,Complete,2025-12-30
LN-000663,TitleDeed,Complete,2026-08-19
LN-000051,IncomeProof,Complete,2026-04-03
LN-000363,AppraisalReport,Complete,2026-05-05
LN-000045,IncomeProof,Missing,2025-08-08
LN-000730,AppraisalReport,Complete,2025-09-14
LN-000060,AppraisalReport,Complete,2026-01-13
LN-000105,IncomeProof,Complete,2025-12-31
LN-000070,NoteAgreement,Complete,2025-12-30
LN-001171,NoteAgreement,Complete,2026-01-12
LN-000404,NoteAgreement,Complete,2026-04-10
LN-000301,NoteAgreement,Complete,2026-07-11
LN-000353,TitleDeed,Complete,2025-11-26
LN-000159,AppraisalReport,Complete,2026-06-30
LN-000952,AppraisalReport,Complete,2026-02-19
LN-000589,IncomeProof,Complete,2026-08-21
LN-000156,NoteAgreement,Complete,2025-11-17
LN-000852,AppraisalReport,Complete,2026-08-11
LN-000708,AppraisalReport,Complete,2025-12-13
LN-000877,IncomeProof,Complete,2025-11-06
LN-000460,TitleDeed,Pending,2026-05-09
LN-000969,TitleDeed,Complete,2026-02-14
LN-000661,AppraisalReport,Complete,2025-10-31
LN-000461,NoteAgreement,Complete,2026-04-01
LN-000492,NoteAgreement,Complete,2025-09-25
LN-001092,AppraisalReport,Complete,2026-01-24
LN-000786,TitleDeed,Pending,2025-12-16
LN-000930,NoteAgreement,Complete,2026-06-13
LN-000757,IncomeProof,Pending,2026-05-22
LN-000503,AppraisalReport,Pending,2026-07-16
LN-001162,TitleDeed,Complete,2026-03-05
LN-001043,NoteAgreement,Pending,2026-03-21
LN-000154,TitleDeed,Missing,2026-03-05
LN-000839,TitleDeed,Complete,2025-11-19
LN-000767,AppraisalReport,Complete,2026-01-14
LN-001173,AppraisalReport,Complete,2026-03-20
LN-000563,NoteAgreement,Complete,2025-10-03
LN-000831,TitleDeed,Complete,2025-11-30
LN-001023,TitleDeed,Complete,2025-07-29
LN-000110,NoteAgreement,Complete,2025-09-12
LN-000538,IncomeProof,Complete,2025-12-02
LN-000515,NoteAgreement,Complete,2025-08-18
